userId,password,fullName
user1,password-001,Steve Rogers
user2,password-002,Barry Allen
user3,password-003,Matt Murdock
user4,password-004,Barbara Gordon
user5,password-005,Tony Stark
user6,password-006,Dick Grayson
user7,password-007,Janet Van Dyne
user8,password-008,Peter Parker
user9,password-009,Billy Batson
user10,password-010,Bruce Banner
user11,password-011,Carol Danvers
user12,password-012,Diana Prince
user13,password-013,Bruce Wayne
user14,password-014,Clark Kent
user15,password-015,Clint Barton
user16,password-016,Hal Jordan
user17,password-017,Oliver Queen
user18,password-018,Selina Kyle
user19,password-019,Dane Whitman
user20,password-020,Reed Richards
user21,password-021,Arthur Curry
user22,password-022,Billy Batson
user23,password-023,Linda Lang
user24,password-024,Carl Lucas
user25,password-025,Jessica Jones
user26,password-026,Wade Wilson
user27,password-027,Jessica Jones
user28,password-028,Peter Jason Quill
